Project_ID,Project_Type,Terrain,Material_Cost,Labor_Cost,Regulatory_Delay,Weather_Severity,Vendor_Performance,Past_Delay,Resource_Availability,Demand_Supply_Impact,Planned_Cost,Planned_Duration,Cost_Overrun,Timeline_Overrun,Actual_Cost,Actual_Duration
1,Underground Cable,Hilly,345000,147500,5,2,0.68,17,0.74,0.55,492500,204,146830,42,639330,246
2,Substation,Hilly,234599,151250,1,4,0.76,2,0.72,0.69,385849,216,119361,55,505210,271
3,Underground Cable,Forest,298100,144000,0,4,0.57,24,0.67,0.47,442100,251,141988,43,584088,294
4,Underground Cable,Hilly,287500,130000,1,3,0.82,8,0.58,0.7,417500,193,147458,74,564958,267
5,Substation,Urban,303450,162500,2,2,0.87,3,0.79,0.46,465950,168,48919,11,514869,179
6,Substation,Plain,376000,124000,3,1,0.54,5,0.6,0.51,500000,192,85653,33,585653,225
7,Underground Cable,Urban,288750,189800,3,1,0.86,3,0.88,0.17,478550,297,56269,19,534819,316
8,Overhead Line,Plain,205000,89000,3,3,0.75,12,0.71,0.46,294000,196,63635,21,357635,217
9,Underground Cable,Plain,312000,147000,2,3,0.82,15,0.54,0.63,459000,210,119787,40,578787,250
10,Underground Cable,Urban,346500,162500,5,5,0.88,17,0.73,0.36,509000,203,132860,47,641860,250
11,Underground Cable,Urban,262500,139100,13,3,0.92,42,0.52,0.56,401600,288,187229,63,588829,351
12,Underground Cable,Urban,365400,196300,2,2,0.84,15,0.95,0.19,561700,215,73541,50,635241,265
13,Substation,Urban,342300,175500,22,3,0.89,9,0.81,0.62,517800,146,174161,63,691961,209
14,Underground Cable,Forest,513700,152400,16,3,0.8,4,0.46,0.68,666100,261,236298,73,902398,334
15,Overhead Line,Hilly,320850,130000,1,3,0.95,7,0.77,0.21,450850,138,92629,31,543479,169
16,Substation,Plain,213000,138000,12,3,0.62,0,0.79,0.49,351000,175,98450,56,449450,231
17,Overhead Line,Urban,277200,85800,6,4,0.86,13,0.62,0.67,363000,101,161557,73,524557,174
18,Overhead Line,Urban,273000,106600,6,4,0.84,5,0.79,0.37,379600,218,93184,54,472784,272
19,Overhead Line,Urban,268800,137800,3,2,0.75,0,0.78,0.32,406600,217,39852,30,446452,247
20,Overhead Line,Forest,183700,140400,5,1,0.67,0,0.56,0.55,324100,146,40813,26,364913,172
21,Substation,Urban,329700,122200,4,3,0.87,4,0.57,0.55,451900,261,126399,39,578299,300
22,Substation,Urban,238350,153400,6,1,0.69,8,0.72,0.58,391750,149,117200,39,508950,188
23,Overhead Line,Urban,246750,110500,7,2,0.87,6,0.81,0.4,357250,146,48833,24,406083,170
24,Overhead Line,Hilly,200099,95000,8,1,0.82,9,0.64,0.77,295099,122,105592,25,400691,147
25,Substation,Forest,246400,176400,6,3,0.63,6,0.92,0.19,422800,213,88717,43,511517,256
26,Substation,Urban,323400,126100,10,2,0.82,10,0.83,0.55,449500,253,105591,32,555091,285
27,Substation,Plain,310000,113000,1,3,0.87,2,0.84,0.7,423000,230,20836,32,443836,262
28,Underground Cable,Plain,257000,139000,1,5,0.86,1,0.85,0.49,396000,262,48936,22,444936,284
29,Underground Cable,Plain,485000,141000,13,1,0.7,9,0.83,0.42,626000,250,202886,21,828886,271
30,Underground Cable,Forest,280500,181200,3,1,0.68,6,0.54,0.54,461700,201,155746,24,617446,225
31,Overhead Line,Forest,234300,111600,0,2,0.52,0,0.87,0.42,345900,170,35123,30,381023,200
32,Underground Cable,Plain,433000,158000,1,4,0.95,4,0.88,0.53,591000,258,43485,30,634485,288
33,Overhead Line,Urban,364350,124800,2,2,0.88,1,0.6,0.5,489150,134,64734,34,553884,168
34,Overhead Line,Forest,363000,97200,25,2,0.72,7,0.82,0.22,460200,126,185214,45,645414,171
35,Underground Cable,Plain,447000,169000,6,1,0.8,5,0.42,0.45,616000,261,130930,47,746930,308
36,Overhead Line,Plain,153000,89000,21,4,0.77,9,0.79,0.6,242000,164,176096,61,418096,225
37,Underground Cable,Urban,460950,209300,6,3,0.68,16,0.65,0.33,670250,267,195946,54,866196,321
38,Underground Cable,Hilly,395599,153750,5,4,0.77,3,0.5,0.48,549349,244,142372,59,691721,303
39,Substation,Forest,369600,98400,3,5,0.78,32,0.84,0.52,468000,172,173807,53,641807,225
40,Underground Cable,Urban,303450,175500,7,2,0.74,7,0.5,0.55,478950,170,108016,40,586966,210
41,Substation,Plain,265000,83000,1,4,0.92,9,0.69,0.54,348000,198,86019,38,434019,236
42,Underground Cable,Plain,383000,150000,18,1,0.77,11,0.52,0.49,533000,211,196829,33,729829,244
43,Underground Cable,Urban,455700,214500,14,4,0.91,10,0.68,0.49,670200,250,185159,18,855359,268
44,Substation,Forest,368500,126000,3,3,0.97,7,0.81,0.45,494500,187,98748,21,593248,208
45,Substation,Hilly,381799,186250,24,4,0.63,5,0.59,0.44,568049,284,244771,53,812820,337
46,Underground Cable,Hilly,364550,147500,13,1,0.59,0,0.63,0.74,512050,202,154001,52,666051,254
47,Overhead Line,Plain,262000,71000,8,2,0.81,0,0.63,0.5,333000,136,125867,23,458867,159
48,Substation,Forest,220000,111600,1,2,0.7,4,0.68,0.38,331600,210,103533,43,435133,253
49,Overhead Line,Hilly,215049,120000,5,2,0.9,4,0.71,0.56,335049,120,83661,23,418710,143
50,Overhead Line,Forest,273900,86400,5,2,0.86,4,0.61,0.58,360300,225,93516,37,453816,262
51,Overhead Line,Forest,167200,110400,2,2,0.86,1,0.52,0.45,277600,109,24846,56,302446,165
52,Substation,Plain,377000,89000,0,1,0.79,13,0.58,0.59,466000,124,93109,27,559109,151
53,Overhead Line,Hilly,345000,86250,11,3,0.9,19,0.77,0.4,431250,159,149326,62,580576,221
54,Substation,Urban,345450,119600,1,4,0.85,27,0.63,0.55,465050,273,132915,61,597965,334
55,Overhead Line,Plain,233000,60000,7,3,0.92,6,0.77,0.6,293000,152,81590,28,374590,180
56,Underground Cable,Hilly,402499,215000,22,1,0.7,12,0.57,0.42,617499,199,215306,48,832805,247
57,Underground Cable,Hilly,296700,217500,16,3,0.68,19,0.89,0.73,514200,350,178872,46,693072,396
58,Substation,Hilly,403649,146250,2,1,0.65,5,0.92,0.75,549899,255,49709,45,599608,300
59,Underground Cable,Hilly,395599,185000,15,5,0.67,3,0.85,0.44,580599,261,238500,58,819099,319
60,Underground Cable,Hilly,357650,198750,0,1,0.68,27,0.74,0.26,556400,272,137248,57,693648,329
61,Overhead Line,Forest,292600,138000,0,3,0.94,7,0.66,0.29,430600,188,31886,12,462486,200
62,Substation,Plain,336000,113000,7,5,0.66,6,0.88,0.58,449000,195,137557,54,586557,249
63,Overhead Line,Forest,202400,72000,3,4,0.92,1,0.63,0.61,274400,148,100293,30,374693,178
64,Overhead Line,Urban,223650,105300,3,3,0.67,1,0.82,0.35,328950,163,33449,23,362399,186
65,Overhead Line,Hilly,244949,110000,6,4,0.74,18,0.77,0.67,354949,193,141037,62,495986,255
66,Overhead Line,Plain,160000,100000,1,5,0.93,9,0.6,0.51,260000,190,42462,51,302462,241
67,Overhead Line,Hilly,187450,148750,1,3,0.77,3,0.58,0.69,336200,142,124655,48,460855,190
68,Overhead Line,Plain,184000,80000,5,3,0.78,2,0.81,0.51,264000,126,81925,55,345925,181
69,Overhead Line,Forest,169400,93600,11,3,0.82,8,0.86,0.68,263000,192,133978,59,396978,251
70,Substation,Plain,353000,141000,7,3,0.94,8,0.73,0.32,494000,208,87797,59,581797,267
71,Underground Cable,Urban,510300,183300,2,3,0.73,2,0.52,0.57,693600,261,53180,16,746780,277
72,Overhead Line,Urban,309750,128700,4,3,0.97,19,0.78,0.58,438450,177,83347,18,521797,195
73,Overhead Line,Plain,188000,99000,1,2,0.76,0,0.93,0.7,287000,103,89578,14,376578,117
74,Overhead Line,Plain,181000,110000,0,1,0.46,4,0.67,0.53,291000,127,64797,18,355797,145
75,Overhead Line,Plain,246000,82000,12,1,0.41,11,0.55,0.42,328000,152,147694,51,475694,203
76,Overhead Line,Plain,292000,92000,2,2,0.87,3,0.75,0.39,384000,114,67753,8,451753,122
77,Overhead Line,Urban,308700,119600,1,1,0.56,17,0.63,0.38,428300,170,73445,19,501745,189
78,Underground Cable,Hilly,523249,190000,9,3,0.86,13,0.77,0.44,713249,303,198920,61,912169,364
79,Underground Cable,Plain,353000,150000,7,2,0.81,15,0.62,0.63,503000,188,92400,55,595400,243
80,Overhead Line,Plain,328000,65000,8,4,0.8,1,0.68,0.43,393000,95,116048,24,509048,119
81,Underground Cable,Urban,331800,137800,2,1,0.88,1,0.57,0.38,469600,210,53589,-5,523189,205
82,Substation,Urban,410550,122200,2,2,0.81,3,0.58,0.39,532750,253,70516,48,603266,301
83,Overhead Line,Forest,336600,110400,1,3,0.83,7,0.79,0.72,447000,210,75138,28,522138,238
84,Substation,Plain,354000,115000,1,3,0.87,13,0.51,0.39,469000,157,56197,26,525197,183
85,Substation,Forest,422400,127200,8,1,0.85,18,0.72,0.65,549600,174,192983,19,742583,193
86,Overhead Line,Urban,362250,105300,15,4,0.84,12,0.85,0.43,467550,170,168783,52,636333,222
87,Underground Cable,Urban,271950,135200,10,4,0.67,26,0.8,0.37,407150,299,187797,46,594947,345
88,Substation,Hilly,313950,146250,12,2,0.55,13,0.93,0.26,460200,199,185044,16,645244,215
89,Overhead Line,Plain,258000,83000,4,2,0.86,3,0.57,0.41,341000,141,15297,33,356297,174
90,Substation,Forest,421300,112800,8,5,0.89,3,0.61,0.51,534100,142,160230,55,694330,197
91,Substation,Urban,373800,163800,3,3,0.91,11,0.68,0.67,537600,205,88084,49,625684,254
92,Substation,Urban,288750,161200,5,3,0.98,2,0.7,0.42,449950,273,92732,15,542682,288
93,Substation,Forest,389400,138000,5,4,0.57,0,0.81,0.25,527400,178,79259,47,606659,225
94,Underground Cable,Hilly,316250,177500,1,2,0.96,7,0.38,0.46,493750,211,114958,31,608708,242
95,Substation,Urban,281400,128700,3,3,0.5,17,0.87,0.54,410100,143,118081,49,528181,192
96,Substation,Plain,273000,117000,26,2,0.87,1,0.69,0.72,390000,142,148834,34,538834,176
97,Substation,Urban,258300,162500,2,4,0.93,15,0.8,0.61,420800,248,74930,22,495730,270
98,Underground Cable,Plain,389000,112000,1,3,0.94,16,0.54,0.64,501000,253,47911,37,548911,290
99,Substation,Forest,427900,166800,4,3,0.88,6,0.74,0.68,594700,251,182028,44,776728,295
100,Substation,Plain,267000,84000,12,2,0.8,0,0.65,0.53,351000,239,103402,20,454402,259
101,Underground Cable,Forest,314600,205200,6,2,0.85,1,0.89,0.54,519800,317,102029,40,621829,357
102,Underground Cable,Plain,355000,130000,9,3,0.82,12,0.55,0.38,485000,271,128612,35,613612,306
103,Underground Cable,Forest,424600,180000,1,3,0.84,12,0.74,0.31,604600,204,107160,28,711760,232
104,Substation,Plain,239000,120000,7,3,0.72,22,0.45,0.38,359000,130,182516,51,541516,181
105,Underground Cable,Hilly,459999,125000,3,1,0.73,8,0.51,0.4,584999,234,156230,31,741229,265
106,Underground Cable,Plain,350000,120000,14,4,0.69,1,0.71,0.7,470000,239,145930,55,615930,294
107,Substation,Plain,309000,115000,7,1,0.61,1,0.6,0.62,424000,176,76321,34,500321,210
108,Underground Cable,Hilly,287500,202500,1,5,0.6,12,0.51,0.28,490000,244,175273,67,665273,311
109,Substation,Urban,329700,154700,0,1,0.89,2,0.8,0.52,484400,189,39854,3,524254,192
110,Overhead Line,Urban,300300,89700,0,3,0.89,3,0.86,0.53,390000,155,30602,20,420602,175
111,Underground Cable,Plain,306000,125000,3,1,0.93,6,0.74,0.22,431000,184,55343,14,486343,198
112,Overhead Line,Hilly,243799,138750,2,5,0.77,0,0.74,0.57,382549,136,105056,46,487605,182
113,Substation,Plain,289000,117000,8,3,0.58,2,0.85,0.54,406000,249,88768,9,494768,258
114,Underground Cable,Forest,422400,159600,5,1,0.54,5,0.68,0.77,582000,276,167877,15,749877,291
115,Substation,Forest,237600,146400,2,2,0.73,3,0.59,0.5,384000,261,97021,42,481021,303
116,Overhead Line,Plain,328000,113000,1,2,0.63,1,0.87,0.56,441000,113,53387,38,494387,151
117,Substation,Urban,235200,170300,1,2,0.75,13,0.85,0.61,405500,227,81524,57,487024,284
118,Underground Cable,Urban,430500,192400,15,5,0.95,16,0.54,0.51,622900,195,167116,45,790016,240
119,Underground Cable,Plain,312000,121000,2,3,0.83,2,0.79,0.36,433000,263,82484,27,515484,290
120,Overhead Line,Plain,198000,66000,8,4,0.77,14,0.67,0.66,264000,170,120160,50,384160,220
121,Substation,Forest,311300,153600,13,3,0.74,4,0.79,0.5,464900,272,160970,47,625870,319
122,Underground Cable,Urban,351750,210600,7,3,0.72,7,0.56,0.54,562350,278,138532,27,700882,305
123,Overhead Line,Plain,198000,66000,15,1,0.72,19,0.62,0.47,264000,90,136018,33,400018,123
124,Underground Cable,Forest,520300,134400,3,2,0.6,13,0.48,0.31,654700,312,157735,69,812435,381
125,Underground Cable,Urban,454650,209300,25,4,0.99,16,0.74,0.29,663950,199,209506,72,873456,271
126,Substation,Hilly,410549,135000,1,5,0.72,1,0.58,0.51,545549,201,76193,63,621742,264
127,Underground Cable,Forest,464200,154800,0,2,0.95,0,0.78,0.56,619000,336,33975,24,652975,360
128,Substation,Urban,385350,127400,8,2,0.63,22,0.7,0.44,512750,150,139991,49,652741,199
129,Underground Cable,Urban,262500,230100,22,3,0.56,4,0.73,0.8,492600,290,183530,28,676130,318
130,Overhead Line,Forest,356400,130800,13,5,0.59,3,0.75,0.52,487200,178,195262,45,682462,223
131,Underground Cable,Hilly,569250,171250,0,2,0.49,12,0.51,0.4,740500,254,141251,50,881751,304
132,Substation,Forest,364100,96000,2,3,0.88,18,0.89,0.46,460100,146,137764,42,597864,188
133,Substation,Urban,373800,174200,21,4,0.9,19,0.6,0.33,548000,244,266551,53,814551,297
134,Overhead Line,Plain,280000,91000,2,1,0.72,3,0.54,0.57,371000,99,60589,13,431589,112
135,Underground Cable,Plain,451000,133000,12,1,0.74,19,0.76,0.51,584000,273,173355,35,757355,308
136,Underground Cable,Forest,521400,184800,13,3,0.86,0,0.7,0.13,706200,208,128129,48,834329,256
137,Overhead Line,Urban,343350,85800,5,5,0.73,0,0.69,0.61,429150,200,99956,47,529106,247
138,Underground Cable,Plain,257000,164000,3,2,0.89,9,0.8,0.52,421000,206,104429,19,525429,225
139,Underground Cable,Urban,520800,215800,4,3,0.72,0,0.89,0.76,736600,243,124447,30,861047,273
140,Substation,Forest,278300,175200,2,3,0.94,3,0.75,0.54,453500,195,91022,24,544522,219
141,Underground Cable,Plain,346000,107000,17,3,0.94,11,0.84,0.33,453000,184,170949,17,623949,201
142,Underground Cable,Urban,362250,230100,4,3,0.77,4,0.5,0.66,592350,199,115328,65,707678,264
143,Overhead Line,Plain,269000,105000,17,3,0.9,1,0.64,0.5,374000,196,156130,31,530130,227
144,Overhead Line,Forest,322300,75600,0,3,0.91,3,0.72,0.77,397900,144,99909,26,497809,170
145,Substation,Urban,400050,120900,35,3,0.83,6,0.81,0.27,520950,191,261301,41,782251,232
146,Underground Cable,Plain,425000,106000,4,3,0.85,6,0.8,0.41,531000,223,98828,3,629828,226
147,Underground Cable,Forest,281600,158400,0,3,0.97,15,0.43,0.38,440000,269,127513,27,567513,296
148,Underground Cable,Plain,396000,118000,0,4,0.77,13,0.98,0.74,514000,185,137198,42,651198,227
149,Substation,Plain,228000,139000,10,1,0.65,6,0.86,0.69,367000,201,99645,16,466645,217
150,Substation,Hilly,231149,100000,8,4,0.9,18,0.71,0.17,331149,199,151737,92,482886,291
151,Overhead Line,Hilly,397899,98750,12,4,0.89,1,0.7,0.47,496649,120,128654,54,625303,174
152,Substation,Forest,361900,175200,0,2,0.76,2,0.66,0.59,537100,273,114241,26,651341,299
153,Underground Cable,Hilly,447349,148750,0,3,0.91,17,0.56,0.46,596099,184,153402,60,749501,244
154,Underground Cable,Forest,314600,164400,5,3,0.79,4,0.52,0.56,479000,328,153030,44,632030,372
155,Substation,Hilly,289800,153750,3,2,0.79,39,0.79,0.34,443550,261,197468,51,641018,312
156,Underground Cable,Plain,493000,123000,4,2,0.99,6,0.86,0.47,616000,230,26403,12,642403,242
157,Underground Cable,Forest,496100,154800,38,1,0.65,15,0.83,0.53,650900,309,281787,70,932687,379
158,Substation,Forest,283800,111600,28,2,0.96,5,0.77,0.54,395400,147,194046,26,589446,173
159,Substation,Plain,239000,145000,22,4,0.95,5,0.61,0.48,384000,144,204699,63,588699,207
160,Underground Cable,Forest,387200,206400,12,2,0.8,4,0.9,0.39,593600,196,131888,32,725488,228
161,Underground Cable,Forest,532400,123600,3,4,0.78,12,0.41,0.59,656000,204,219469,47,875469,251
162,Underground Cable,Hilly,411699,170000,4,3,0.95,7,0.62,0.61,581699,268,143374,61,725073,329
163,Overhead Line,Forest,240900,92400,6,4,0.83,28,0.74,0.38,333300,200,206120,46,539420,246
164,Overhead Line,Urban,200550,123500,14,3,0.95,2,0.6,0.4,324050,143,134516,30,458566,173
165,Overhead Line,Plain,315000,93000,0,1,0.74,1,0.61,0.52,408000,106,25008,11,433008,117
166,Substation,Hilly,418599,130000,4,3,0.97,4,0.73,0.54,548599,289,105790,25,654389,314
167,Overhead Line,Hilly,258749,102500,0,1,0.66,9,0.91,0.64,361249,234,61329,41,422578,275
168,Substation,Urban,299250,137800,5,3,0.59,19,0.5,0.78,437050,193,175208,60,612258,253
169,Substation,Plain,230000,85000,18,5,0.91,4,0.69,0.65,315000,217,159983,53,474983,270
170,Overhead Line,Plain,161000,104000,12,2,0.8,10,0.77,0.62,265000,142,131926,38,396926,180
171,Overhead Line,Hilly,400199,86250,2,2,0.71,4,0.74,0.8,486449,160,120028,52,606477,212
172,Overhead Line,Forest,323400,102000,29,3,0.97,9,0.81,0.54,425400,200,244526,66,669926,266
173,Underground Cable,Hilly,539350,201250,8,4,0.8,21,0.52,0.54,740600,325,237828,68,978428,393
174,Overhead Line,Plain,195000,61000,0,3,0.75,2,0.41,0.55,256000,143,33140,41,289140,184
175,Underground Cable,Urban,373800,213200,2,2,0.86,5,0.77,0.21,587000,220,59859,28,646859,248
176,Substation,Hilly,436999,143750,2,3,0.82,50,0.81,0.45,580749,280,219373,79,800122,359
177,Underground Cable,Plain,275000,128000,0,2,0.92,20,0.58,0.19,403000,298,84009,53,487009,351
178,Overhead Line,Hilly,184000,123750,25,3,0.72,8,0.79,0.24,307750,120,183236,53,490986,173
179,Substation,Forest,399300,165600,5,5,0.98,7,0.8,0.32,564900,181,73796,53,638696,234
180,Substation,Hilly,290950,167500,18,3,0.59,3,0.59,0.45,458450,276,178717,65,637167,341
181,Substation,Hilly,403649,126250,3,4,0.78,7,0.65,0.5,529899,225,131380,44,661279,269
182,Underground Cable,Plain,305000,132000,1,1,0.85,18,0.84,0.54,437000,185,78342,13,515342,198
183,Overhead Line,Plain,297000,78000,5,3,0.75,11,0.63,0.49,375000,188,121700,39,496700,227
184,Substation,Plain,280000,141000,0,4,0.71,3,0.59,0.6,421000,228,56242,41,477242,269
185,Substation,Hilly,405949,181250,5,1,0.95,2,0.59,0.45,587199,230,69875,24,657074,254
186,Substation,Forest,262900,115200,20,4,0.9,3,0.74,0.57,378100,285,183220,43,561320,328
187,Underground Cable,Urban,489300,208000,5,2,0.59,1,0.5,0.52,697300,278,148936,44,846236,322
188,Underground Cable,Urban,305550,161200,7,3,0.91,1,0.67,0.39,466750,206,95477,11,562227,217
189,Overhead Line,Plain,184000,62000,1,4,0.66,5,0.43,0.45,246000,190,83783,51,329783,241
190,Underground Cable,Plain,357000,143000,0,3,0.88,1,0.92,0.39,500000,251,49887,25,549887,276
191,Substation,Hilly,341550,113750,0,1,0.89,1,0.39,0.69,455300,165,34132,16,489432,181
192,Overhead Line,Urban,262500,133900,7,3,0.7,7,0.89,0.52,396400,162,82414,14,478814,176
193,Substation,Plain,248000,140000,0,3,0.81,1,0.68,0.32,388000,136,26926,29,414926,165
194,Substation,Forest,300300,163200,3,5,0.85,0,0.73,0.32,463500,200,77046,30,540546,230
195,Underground Cable,Forest,539000,175200,6,3,0.88,3,0.68,0.56,714200,185,169068,46,883268,231
196,Overhead Line,Plain,211000,75000,3,2,0.92,2,0.64,0.53,286000,177,76384,4,362384,181
197,Underground Cable,Plain,332000,107000,1,3,0.93,7,0.5,0.69,439000,298,103164,25,542164,323
198,Underground Cable,Urban,346500,232700,2,3,0.77,1,0.63,0.66,579200,191,44238,21,623438,212
199,Overhead Line,Urban,249900,92300,21,3,0.94,13,0.61,0.46,342200,114,189762,55,531962,169
200,Substation,Hilly,296700,131250,9,3,0.8,23,0.61,0.44,427950,273,207378,37,635328,310
201,Substation,Urban,236250,163800,5,4,0.63,13,0.64,0.51,400050,166,169928,49,569978,215
202,Overhead Line,Forest,174900,90000,0,3,0.75,7,0.5,0.25,264900,184,68274,49,333174,233
203,Substation,Forest,378400,122400,39,3,0.56,19,0.64,0.34,500800,166,387133,75,887933,241
204,Overhead Line,Plain,235000,117000,8,1,0.88,11,0.73,0.34,352000,96,76768,17,428768,113
205,Overhead Line,Urban,171150,96200,3,1,0.73,0,0.9,0.3,267350,105,37787,6,305137,111
206,Underground Cable,Hilly,443899,183750,16,2,0.61,5,0.83,0.36,627649,265,162747,52,790396,317
207,Overhead Line,Forest,228800,98400,2,2,0.78,19,0.78,0.75,327200,209,125715,54,452915,263
208,Underground Cable,Forest,364100,165600,6,3,0.89,4,0.58,0.31,529700,339,84418,48,614118,387
209,Substation,Hilly,443899,120000,8,3,0.8,0,0.67,0.71,563899,159,176613,61,740512,220
210,Substation,Hilly,411699,128750,1,3,0.73,13,0.55,0.49,540449,272,139990,55,680439,327
211,Substation,Forest,425700,148800,30,4,0.94,16,0.78,0.51,574500,249,260050,61,834550,310
212,Substation,Forest,363000,139200,11,5,0.73,1,0.7,0.36,502200,261,210571,63,712771,324
213,Underground Cable,Hilly,331200,142500,6,4,0.75,7,0.79,0.44,473700,322,151059,25,624759,347
214,Substation,Forest,223300,124800,1,3,0.59,2,0.46,0.74,348100,155,85199,42,433299,197
215,Overhead Line,Plain,319000,103000,0,3,0.96,12,0.84,0.83,422000,155,66633,16,488633,171
216,Overhead Line,Plain,204000,94000,3,3,0.86,3,0.81,0.47,298000,131,60509,12,358509,143
217,Overhead Line,Hilly,210449,111250,11,1,0.74,3,0.68,0.31,321699,122,122770,31,444469,153
218,Underground Cable,Urban,409500,152100,2,2,0.77,18,0.73,0.46,561600,269,180539,28,742139,297
219,Substation,Hilly,370300,147500,6,5,0.66,6,0.63,0.64,517800,198,139324,48,657124,246
220,Substation,Hilly,262200,176250,10,4,0.85,11,0.86,0.67,438450,217,154079,85,592529,302
221,Substation,Urban,403200,123500,0,2,0.88,5,0.87,0.72,526700,264,88175,38,614875,302
222,Underground Cable,Urban,271950,167700,9,3,0.59,3,0.84,0.55,439650,277,125213,42,564863,319
223,Overhead Line,Urban,244650,83200,0,4,0.72,9,0.53,0.35,327850,169,72861,23,400711,192
224,Overhead Line,Plain,326000,62000,26,1,0.71,1,0.78,0.59,388000,134,136299,20,524299,154
225,Substation,Forest,375100,130800,5,2,0.69,4,0.79,0.35,505900,215,125787,34,631687,249
226,Overhead Line,Plain,295000,96000,1,4,0.78,2,0.85,0.65,391000,114,87684,32,478684,146
227,Overhead Line,Forest,357500,72000,3,3,0.83,11,0.9,0.23,429500,163,131843,64,561343,227
228,Underground Cable,Plain,487000,178000,4,1,0.63,28,0.71,0.28,665000,222,185303,46,850303,268
229,Underground Cable,Forest,431200,177600,11,3,0.95,50,0.9,0.52,608800,310,246474,86,855274,396
230,Underground Cable,Plain,337000,167000,10,4,0.79,5,0.85,0.45,504000,289,153979,31,657979,320
231,Underground Cable,Urban,457800,176800,7,3,0.92,2,0.75,0.5,634600,231,30512,21,665112,252
232,Substation,Hilly,425499,186250,0,2,0.51,5,0.81,0.68,611749,189,113518,22,725267,211
233,Underground Cable,Plain,433000,162000,1,2,0.73,18,0.73,0.69,595000,195,132905,24,727905,219
234,Overhead Line,Forest,260700,84000,0,3,0.91,2,0.61,0.64,344700,173,70883,25,415583,198
235,Substation,Urban,289800,135200,6,3,0.98,30,0.73,0.33,425000,188,179336,46,604336,234
236,Overhead Line,Plain,153000,118000,16,4,0.91,4,0.78,0.42,271000,161,116603,31,387603,192
237,Overhead Line,Plain,297000,88000,4,1,0.75,42,0.78,0.44,385000,152,186015,6,571015,158
238,Overhead Line,Urban,213150,145600,1,4,0.87,18,0.58,0.55,358750,217,130002,40,488752,257
239,Underground Cable,Plain,359000,173000,6,1,0.89,16,0.73,0.59,532000,256,130107,35,662107,291
240,Underground Cable,Hilly,546250,195000,13,2,0.91,3,0.74,0.5,741250,182,121013,58,862263,240
241,Substation,Plain,319000,85000,10,1,0.88,0,0.86,0.33,404000,124,89430,9,493430,133
242,Substation,Hilly,234599,166250,17,2,0.82,4,0.54,0.43,400849,199,185698,54,586547,253
243,Underground Cable,Hilly,533600,185000,2,3,0.93,3,0.92,0.69,718600,189,97994,38,816594,227
244,Overhead Line,Urban,260400,102700,1,3,0.73,0,0.62,0.47,363100,165,70206,29,433306,194
245,Substation,Plain,322000,114000,16,2,0.87,7,0.54,0.61,436000,201,126949,21,562949,222
246,Underground Cable,Urban,326550,150800,8,3,0.81,5,0.42,0.41,477350,167,140338,25,617688,192
247,Underground Cable,Plain,409000,112000,2,1,0.69,10,0.62,0.58,521000,269,82536,12,603536,281
248,Underground Cable,Plain,374000,172000,10,4,0.89,9,0.78,0.82,546000,217,180190,34,726190,251
249,Overhead Line,Forest,320100,115200,13,5,0.56,1,0.37,0.8,435300,215,211661,85,646961,300
250,Underground Cable,Plain,260000,155000,7,2,0.74,37,0.74,0.3,415000,216,143602,37,558602,253
251,Underground Cable,Urban,390600,166400,9,3,0.87,2,0.61,0.55,557000,314,151423,57,708423,371
252,Underground Cable,Hilly,510599,155000,3,2,0.78,5,0.71,0.61,665599,270,132044,22,797643,292
253,Underground Cable,Plain,419000,108000,6,1,0.87,6,0.2,0.39,527000,189,89456,48,616456,237
254,Substation,Forest,246400,100800,5,2,0.8,16,0.7,0.37,347200,279,122014,31,469214,310
255,Substation,Urban,248850,109200,15,4,0.93,1,0.64,0.32,358050,229,174834,48,532884,277
256,Underground Cable,Plain,395000,169000,14,3,0.85,5,0.59,0.52,564000,186,131045,43,695045,229
257,Overhead Line,Urban,219450,139100,14,1,0.91,9,0.92,0.65,358550,182,103005,15,461555,197
258,Substation,Forest,249700,177600,0,4,0.86,2,0.71,0.67,427300,229,55741,38,483041,267
259,Underground Cable,Forest,399300,166800,11,3,0.94,9,0.82,0.66,566100,223,141742,50,707842,273
260,Substation,Urban,274050,178100,11,4,0.82,25,0.91,0.68,452150,204,145397,25,597547,229
261,Substation,Plain,255000,119000,9,3,0.7,50,0.51,0.35,374000,217,242936,80,616936,297
262,Overhead Line,Hilly,217349,107500,11,3,0.89,0,0.82,0.53,324849,199,90189,45,415038,244
263,Underground Cable,Forest,534600,158400,14,1,0.85,2,0.63,0.27,693000,178,150802,43,843802,221
264,Underground Cable,Plain,465000,118000,5,2,0.96,3,0.94,0.61,583000,229,112513,21,695513,250
265,Overhead Line,Plain,317000,87000,5,5,0.93,5,0.75,0.24,404000,186,109151,38,513151,224
266,Overhead Line,Hilly,239199,147500,1,2,0.76,2,0.52,0.61,386699,164,87136,42,473835,206
267,Underground Cable,Forest,459800,134400,3,5,0.76,2,0.84,0.45,594200,294,148303,42,742503,336
268,Underground Cable,Forest,323400,182400,8,3,0.72,30,0.59,0.65,505800,286,243147,59,748947,345
269,Overhead Line,Plain,340000,86000,12,1,0.79,25,0.8,0.56,426000,127,159356,44,585356,171
270,Substation,Plain,387000,86000,1,1,0.94,0,0.73,0.67,473000,164,15064,-13,488064,151
271,Substation,Hilly,295550,137500,1,2,0.75,4,0.53,0.57,433050,170,23919,27,456969,197
272,Overhead Line,Hilly,366850,86250,8,5,0.84,5,0.65,0.35,453100,145,141520,59,594620,204
273,Substation,Forest,336600,158400,0,3,0.98,2,0.46,0.52,495000,181,101079,43,596079,224
274,Overhead Line,Urban,323400,100100,1,2,0.82,9,0.82,0.42,423500,207,69243,45,492743,252
275,Substation,Forest,221100,109200,0,2,0.91,10,0.75,0.19,330300,181,69553,27,399853,208
276,Substation,Plain,393000,92000,1,1,0.72,19,0.62,0.7,485000,165,148194,25,633194,190
277,Underground Cable,Forest,444400,139200,1,3,0.95,13,0.84,0.38,583600,290,107656,35,691256,325
278,Underground Cable,Urban,495600,206700,3,1,0.82,7,0.76,0.37,702300,260,50178,37,752478,297
279,Substation,Hilly,354200,142500,4,4,0.77,10,0.78,0.53,496700,226,111721,51,608421,277
280,Substation,Urban,374850,184600,16,2,0.92,3,0.77,0.43,559450,196,138303,11,697753,207
281,Underground Cable,Urban,344400,176800,5,2,0.9,8,0.73,0.46,521200,188,129399,32,650599,220
282,Underground Cable,Urban,467250,154700,10,3,0.84,6,0.56,0.2,621950,269,123685,41,745635,310
283,Underground Cable,Hilly,548550,208750,0,3,0.86,1,0.81,0.49,757300,199,46641,23,803941,222
284,Overhead Line,Urban,169050,105300,2,5,0.79,2,0.67,0.11,274350,116,89000,25,363350,141
285,Substation,Urban,353850,187200,9,3,0.61,3,0.62,0.42,541050,155,141827,55,682877,210
286,Underground Cable,Urban,490350,193700,0,1,0.92,25,0.73,0.58,684050,179,138141,32,822191,211
287,Substation,Plain,391000,126000,5,3,0.82,2,0.8,0.56,517000,148,118489,19,635489,167
288,Overhead Line,Urban,328650,153400,7,2,0.85,3,0.66,0.35,482050,206,93088,54,575138,260
289,Overhead Line,Hilly,378349,88750,7,1,0.93,4,0.47,0.41,467099,115,86286,31,553385,146
290,Underground Cable,Urban,291900,143000,0,5,0.79,10,0.75,0.38,434900,200,57540,50,492440,250
291,Overhead Line,Urban,297150,137800,3,4,0.63,1,0.92,0.34,434950,184,81331,34,516281,218
292,Substation,Hilly,412849,162500,8,5,0.94,30,0.74,0.52,575349,212,253673,37,829022,249
293,Underground Cable,Urban,487200,162500,1,3,0.85,20,0.6,0.71,649700,195,124749,54,774449,249
294,Substation,Hilly,233449,115000,9,3,0.79,8,0.49,0.47,348449,189,93589,47,442038,236
295,Substation,Urban,224700,140400,10,2,0.63,11,0.73,0.6,365100,213,151994,15,517094,228
296,Overhead Line,Hilly,304750,113750,32,2,0.76,0,0.39,0.36,418500,109,193649,96,612149,205
297,Overhead Line,Urban,340200,94900,1,4,0.93,4,0.58,0.58,435100,190,59956,41,495056,231
298,Overhead Line,Urban,179550,91000,13,2,0.55,15,0.78,0.83,270550,127,187949,62,458499,189
299,Overhead Line,Plain,344000,76000,5,4,0.85,0,0.8,0.35,420000,197,84427,0,504427,197
300,Overhead Line,Plain,333000,87000,3,3,0.68,3,0.69,0.16,420000,182,20647,13,440647,195
301,Underground Cable,Urban,283500,189800,1,2,0.93,8,0.53,0.62,473300,275,85370,25,558670,300
302,Substation,Urban,405300,110500,10,3,0.69,2,0.82,0.4,515800,132,159133,19,674933,151
303,Substation,Forest,282700,140400,2,3,0.75,27,0.62,0.73,423100,154,147257,51,570357,205
304,Substation,Hilly,415149,175000,3,2,0.68,1,0.46,0.74,590149,219,136068,60,726217,279
305,Substation,Forest,246400,123600,0,4,0.88,15,0.69,0.31,370000,150,125007,48,495007,198
306,Overhead Line,Plain,167000,74000,12,3,0.35,7,0.56,0.44,241000,197,114487,40,355487,237
307,Substation,Plain,226000,139000,11,2,0.95,13,0.55,0.85,365000,212,137127,47,502127,259
308,Underground Cable,Plain,302000,107000,10,3,0.33,3,0.6,0.37,409000,228,144871,54,553871,282
309,Underground Cable,Plain,276000,145000,2,5,0.89,7,0.68,0.24,421000,199,128520,48,549520,247
310,Substation,Urban,417900,106600,1,2,0.96,19,0.74,0.46,524500,233,83913,36,608413,269
311,Substation,Plain,391000,123000,8,4,0.77,6,0.71,0.42,514000,143,83638,60,597638,203
312,Underground Cable,Urban,324450,132600,5,2,0.71,4,0.47,0.75,457050,326,146307,30,603357,356
313,Underground Cable,Urban,309750,148200,1,4,0.86,7,0.6,0.66,457950,182,96259,34,554209,216
314,Overhead Line,Plain,275000,103000,9,3,0.94,12,0.81,0.47,378000,173,97921,34,475921,207
315,Underground Cable,Plain,477000,108000,37,2,0.82,5,0.55,0.5,585000,212,274305,50,859305,262
316,Overhead Line,Hilly,305900,76250,11,2,0.73,27,0.81,0.36,382150,212,194975,55,577125,267
317,Overhead Line,Forest,243100,84000,10,4,0.73,3,0.55,0.33,327100,175,163450,55,490550,230
318,Overhead Line,Plain,221000,80000,24,3,0.6,6,0.62,0.65,301000,107,176289,67,477289,174
319,Overhead Line,Hilly,244949,96250,1,3,0.52,14,0.72,0.16,341199,238,78498,56,419697,294
320,Overhead Line,Hilly,280600,121250,6,1,0.77,11,0.4,0.41,401850,145,139114,54,540964,199
321,Substation,Forest,231000,148800,31,4,0.81,19,0.62,0.46,379800,174,307801,80,687601,254
322,Underground Cable,Urban,368550,182000,1,3,0.59,50,0.77,0.66,550550,313,210579,59,761129,372
323,Overhead Line,Plain,160000,81000,9,5,0.96,5,0.4,0.4,241000,140,131789,50,372789,190
324,Underground Cable,Forest,370700,168000,7,1,0.97,1,0.64,0.77,538700,338,129110,18,667810,356
325,Underground Cable,Plain,325000,145000,7,3,0.87,0,0.79,0.33,470000,229,50511,24,520511,253
326,Overhead Line,Hilly,233449,101250,9,3,0.84,12,0.86,0.67,334699,217,85535,61,420234,278
327,Substation,Hilly,399049,140000,21,2,0.82,20,0.7,0.48,539049,259,189744,72,728793,331
328,Overhead Line,Urban,158550,119600,12,3,0.59,2,0.55,0.52,278150,134,110624,74,388774,208
329,Substation,Hilly,410549,140000,0,1,0.72,1,0.79,0.74,550549,235,76430,30,626979,265
330,Underground Cable,Hilly,419749,156250,15,3,0.72,0,0.83,0.53,575999,358,165081,84,741080,442
331,Substation,Forest,332200,174000,2,3,0.93,17,0.56,0.29,506200,255,170358,54,676558,309
332,Substation,Plain,289000,125000,3,1,0.78,3,0.55,0.67,414000,241,67673,49,481673,290
333,Substation,Plain,342000,123000,4,3,0.69,5,0.73,0.64,465000,168,106069,15,571069,183
334,Underground Cable,Forest,388300,208800,5,3,0.98,6,0.82,0.46,597100,241,132412,24,729512,265
335,Underground Cable,Urban,466200,136500,4,1,0.55,18,0.48,0.33,602700,173,144021,32,746721,205
336,Substation,Plain,205000,111000,22,5,0.92,10,0.92,0.49,316000,160,203785,46,519785,206
337,Substation,Hilly,359950,108750,9,5,0.85,9,0.52,0.4,468700,229,140880,46,609580,275
338,Overhead Line,Plain,327000,87000,7,3,0.97,1,0.89,0.46,414000,151,46608,-12,460608,139
339,Substation,Hilly,325450,176250,0,1,0.96,7,0.91,0.82,501700,276,23046,0,524746,276
340,Overhead Line,Urban,289800,85800,18,4,0.88,12,0.88,0.49,375600,180,167311,29,542911,209
341,Substation,Forest,311300,99600,19,3,0.78,36,0.43,0.56,410900,203,249496,64,660396,267
342,Overhead Line,Plain,171000,85000,12,2,0.73,2,0.81,0.34,256000,92,43668,25,299668,117
343,Underground Cable,Forest,413600,168000,0,3,0.79,0,0.86,0.56,581600,293,144845,25,726445,318
344,Substation,Plain,213000,91000,0,3,0.73,0,0.85,0.43,304000,206,-1304,30,302696,236
345,Substation,Hilly,242649,115000,2,3,0.79,4,0.44,0.43,357649,172,123095,31,480744,203
346,Substation,Forest,268400,117600,1,3,0.87,17,0.9,0.53,386000,200,87985,40,473985,240
347,Substation,Plain,299000,124000,4,3,0.67,0,0.91,0.55,423000,238,83238,50,506238,288
348,Overhead Line,Hilly,232299,142500,20,5,0.77,6,0.71,0.58,374799,145,248886,59,623685,204
349,Substation,Forest,275000,147600,5,2,0.86,3,0.82,0.59,422600,231,77651,51,500251,282
350,Underground Cable,Forest,491700,140400,0,3,0.91,0,0.89,0.38,632100,343,75972,24,708072,367
351,Underground Cable,Plain,286000,155000,2,4,0.76,5,0.33,0.57,441000,254,69349,57,510349,311
352,Substation,Plain,258000,82000,0,3,0.68,2,0.88,0.85,340000,154,83509,18,423509,172
353,Underground Cable,Plain,438000,153000,0,3,0.74,4,0.84,0.73,591000,246,130682,24,721682,270
354,Substation,Hilly,384099,160000,2,3,0.84,12,0.69,0.65,544099,255,63198,38,607297,293
355,Substation,Plain,358000,137000,2,3,0.85,7,0.82,0.64,495000,143,100091,18,595091,161
356,Underground Cable,Forest,436700,163200,12,4,0.84,1,0.6,0.5,599900,175,177002,61,776902,236
357,Substation,Forest,337700,118800,29,3,0.8,32,0.92,0.78,456500,194,299485,82,755985,276
358,Underground Cable,Plain,426000,150000,3,5,0.81,10,0.48,0.34,576000,245,146605,38,722605,283
359,Overhead Line,Plain,254000,95000,4,1,0.97,14,0.69,0.43,349000,187,62937,47,411937,234
360,Substation,Urban,278250,146900,14,1,0.84,0,0.73,0.24,425150,137,69360,1,494510,138
361,Overhead Line,Forest,206800,121200,2,3,0.68,0,0.47,0.41,328000,169,89744,44,417744,213
362,Underground Cable,Hilly,569250,138750,1,2,0.97,0,0.79,0.37,708000,336,136938,33,844938,369
363,Overhead Line,Urban,175350,128700,15,2,0.92,2,0.75,0.39,304050,121,112346,27,416396,148
364,Overhead Line,Plain,292000,92000,0,2,0.84,5,0.81,0.53,384000,188,62802,9,446802,197
365,Underground Cable,Plain,275000,107000,7,2,0.97,27,0.79,0.59,382000,249,135342,26,517342,275
366,Overhead Line,Forest,259600,121200,6,1,0.89,6,0.78,0.6,380800,152,60879,45,441679,197
367,Overhead Line,Plain,163000,73000,3,5,0.96,3,0.62,0.55,236000,91,92858,46,328858,137
368,Underground Cable,Hilly,423199,170000,3,2,0.84,8,0.6,0.2,593199,261,138670,71,731869,332
369,Overhead Line,Forest,346500,124800,11,3,0.94,1,0.53,0.41,471300,149,149823,25,621123,174
370,Underground Cable,Plain,311000,159000,0,4,0.77,9,0.63,0.21,470000,274,64747,58,534747,332
371,Overhead Line,Forest,286000,87600,2,5,0.88,8,0.78,0.83,373600,220,100042,42,473642,262
372,Underground Cable,Plain,466000,101000,10,1,0.8,15,0.64,0.28,567000,219,167084,45,734084,264
373,Underground Cable,Plain,394000,127000,6,4,0.8,43,0.77,0.67,521000,215,233116,53,754116,268
374,Overhead Line,Plain,312000,96000,1,3,0.65,2,0.49,0.6,408000,94,65042,29,473042,123
375,Overhead Line,Hilly,393299,123750,17,3,0.97,7,0.68,0.45,517049,198,201536,26,718585,224
376,Overhead Line,Hilly,382949,118750,3,3,0.65,23,0.92,0.65,501699,160,168341,63,670040,223
377,Substation,Forest,385000,151200,14,4,0.73,15,0.51,0.38,536200,172,226439,74,762639,246
378,Substation,Plain,338000,89000,12,2,0.57,6,0.84,0.35,427000,237,128805,65,555805,302
379,Substation,Plain,213000,89000,7,3,0.83,29,0.68,0.31,302000,195,174143,53,476143,248
380,Underground Cable,Hilly,394449,125000,5,3,0.37,0,0.78,0.47,519449,338,128985,54,648434,392
381,Overhead Line,Plain,169000,67000,31,4,0.55,26,0.61,0.52,236000,132,292004,75,528004,207
382,Underground Cable,Hilly,520949,125000,1,5,0.84,0,0.68,0.21,645949,247,103276,27,749225,274
383,Substation,Plain,263000,107000,10,2,0.67,7,0.74,0.72,370000,240,88849,16,458849,256
384,Overhead Line,Forest,281600,115200,1,5,0.57,22,0.62,0.64,396800,156,167042,86,563842,242
385,Underground Cable,Plain,478000,175000,3,1,0.82,3,0.63,0.46,653000,198,88633,20,741633,218
386,Overhead Line,Plain,269000,103000,2,1,0.82,6,0.48,0.5,372000,145,53837,31,425837,176
387,Underground Cable,Urban,425250,231400,23,1,0.95,3,0.68,0.49,656650,311,189601,21,846251,332
388,Overhead Line,Hilly,295550,147500,27,2,0.77,30,0.74,0.33,443050,180,263537,90,706587,270
389,Substation,Plain,347000,81000,1,3,0.78,17,0.59,0.35,428000,156,129314,39,557314,195
390,Substation,Plain,219000,105000,0,1,0.92,12,0.63,0.39,324000,148,53275,0,377275,148
391,Overhead Line,Urban,157500,148200,10,1,0.87,8,0.58,0.38,305700,136,124125,38,429825,174
392,Underground Cable,Urban,469350,205400,4,5,0.9,17,0.82,0.42,674750,239,175129,28,849879,267
393,Substation,Hilly,413999,162500,0,4,0.71,4,0.76,0.28,576499,157,80988,48,657487,205
394,Substation,Urban,229950,171600,9,4,0.84,5,0.8,0.51,401550,178,123006,20,524556,198
395,Substation,Forest,357500,154800,6,4,0.94,13,0.89,0.6,512300,170,96104,48,608404,218
396,Overhead Line,Urban,350700,127400,31,3,0.77,4,0.69,0.25,478100,202,188735,51,666835,253
397,Overhead Line,Forest,366300,127200,2,1,0.98,0,0.66,0.6,493500,151,46748,32,540248,183
398,Underground Cable,Hilly,491049,152500,4,2,0.64,0,0.89,0.76,643549,224,122277,48,765826,272
399,Underground Cable,Hilly,382949,152500,6,3,0.82,1,0.65,0.56,535449,332,117210,82,652659,414
400,Underground Cable,Hilly,431249,180000,12,2,0.82,20,0.66,0.39,611249,241,235225,38,846474,279
401,Overhead Line,Hilly,263350,136250,6,3,0.94,6,0.79,0.59,399600,234,137385,32,536985,266
402,Overhead Line,Hilly,313950,142500,7,1,0.87,12,0.64,0.71,456450,116,123165,5,579615,121
403,Underground Cable,Forest,540100,120000,2,2,0.63,4,0.64,0.47,660100,180,145149,33,805249,213
404,Underground Cable,Forest,446600,124800,15,3,0.87,2,0.65,0.23,571400,270,170197,51,741597,321
405,Overhead Line,Hilly,372600,116250,4,3,0.8,4,0.61,0.39,488850,184,140058,61,628908,245
406,Underground Cable,Urban,319200,184600,1,3,0.79,15,0.64,0.39,503800,289,123705,48,627505,337
407,Substation,Plain,344000,105000,8,3,0.87,9,0.52,0.84,449000,166,126910,15,575910,181
408,Overhead Line,Hilly,301300,88750,1,1,0.96,27,0.53,0.56,390050,216,79522,45,469572,261
409,Underground Cable,Urban,337050,188500,0,1,0.97,11,0.68,0.59,525550,200,64290,22,589840,222
410,Overhead Line,Plain,150000,78000,15,4,0.97,8,0.62,0.33,228000,120,161470,24,389470,144
411,Substation,Hilly,392149,165000,4,3,0.89,9,0.81,0.79,557149,200,82150,44,639299,244
412,Overhead Line,Hilly,250699,125000,11,1,0.53,28,0.72,0.32,375699,214,166886,76,542585,290
413,Overhead Line,Forest,372900,104400,2,4,0.79,15,0.85,0.36,477300,178,143206,49,620506,227
414,Overhead Line,Plain,341000,65000,12,2,0.77,0,0.65,0.48,406000,152,78390,14,484390,166
415,Overhead Line,Plain,222000,92000,0,3,0.97,7,0.71,0.63,314000,130,34817,21,348817,151
416,Substation,Urban,302400,165100,3,1,0.95,11,0.55,0.41,467500,145,115511,29,583011,174
417,Overhead Line,Forest,244200,134400,30,3,0.62,13,0.77,0.35,378600,190,265119,51,643719,241
418,Overhead Line,Forest,338800,120000,12,3,0.94,2,0.85,0.72,458800,188,134359,47,593159,235
419,Underground Cable,Forest,348700,123600,5,2,0.89,20,0.62,0.6,472300,288,180849,21,653149,309
420,Overhead Line,Forest,184800,78000,3,4,0.86,31,0.87,0.42,262800,215,97358,75,360158,290
421,Underground Cable,Plain,331000,112000,16,3,0.73,2,0.81,0.75,443000,172,168125,29,611125,201
422,Substation,Plain,282000,80000,6,2,0.62,21,0.47,0.53,362000,207,121907,34,483907,241
423,Substation,Hilly,290950,117500,11,2,0.75,1,0.71,0.63,408450,220,99183,47,507633,267
424,Substation,Hilly,316250,117500,11,2,0.85,0,0.72,0.25,433750,214,68995,14,502745,228
425,Substation,Forest,321200,134400,0,1,0.56,1,0.87,0.71,455600,193,88122,17,543722,210
426,Underground Cable,Forest,520300,160800,1,3,0.81,0,0.66,0.44,681100,288,170454,37,851554,325
427,Overhead Line,Forest,176000,112800,8,4,0.69,18,0.91,0.55,288800,185,153785,51,442585,236
428,Substation,Hilly,355350,181250,1,3,0.89,0,0.85,0.6,536600,153,53736,10,590336,163
429,Overhead Line,Urban,159600,104000,2,2,0.74,3,0.7,0.22,263600,126,48415,21,312015,147
430,Underground Cable,Urban,337050,191100,23,1,0.9,1,0.94,0.51,528150,292,114166,39,642316,331
431,Underground Cable,Hilly,540500,156250,6,2,0.88,3,0.58,0.73,696750,193,128474,39,825224,232
432,Underground Cable,Hilly,439299,183750,11,3,0.89,0,0.36,0.66,623049,223,144339,50,767388,273
433,Substation,Hilly,279450,117500,6,4,0.88,11,0.86,0.28,396950,194,98528,35,495478,229
434,Overhead Line,Hilly,373750,102500,6,2,0.9,1,0.53,0.44,476250,190,60994,33,537244,223
435,Overhead Line,Hilly,224249,136250,0,3,0.76,19,0.7,0.46,360499,236,126165,68,486664,304
436,Overhead Line,Hilly,312800,127500,3,4,0.86,16,0.7,0.49,440300,237,141734,60,582034,297
437,Underground Cable,Forest,297000,146400,2,3,0.85,0,0.68,0.77,443400,294,90955,57,534355,351
438,Substation,Forest,306900,151200,3,4,0.65,22,0.74,0.54,458100,271,172487,41,630587,312
439,Underground Cable,Forest,410300,136800,12,3,0.83,0,0.63,0.09,547100,200,94357,45,641457,245
440,Underground Cable,Forest,313500,208800,3,3,0.97,2,0.68,0.31,522300,229,122527,26,644827,255
441,Overhead Line,Hilly,188599,78750,4,3,0.87,0,0.66,0.58,267349,132,60223,42,327572,174
442,Underground Cable,Urban,409500,153400,4,3,0.92,4,0.71,0.48,562900,201,133760,30,696660,231
443,Overhead Line,Plain,227000,63000,0,2,0.86,7,0.8,0.34,290000,141,17778,29,307778,170
444,Substation,Hilly,259899,135000,4,2,0.71,15,0.75,0.72,394899,184,152671,79,547570,263
445,Overhead Line,Plain,285000,75000,1,2,0.77,4,0.69,0.69,360000,195,98425,23,458425,218
446,Substation,Urban,381150,141700,1,3,0.94,12,0.65,0.65,522850,133,62381,32,585231,165
447,Overhead Line,Forest,358600,86400,0,1,0.89,2,0.7,0.52,445000,106,85370,-6,530370,100
448,Underground Cable,Urban,355950,226200,3,5,0.68,13,0.56,0.31,582150,171,134726,83,716876,254
449,Underground Cable,Hilly,395599,216250,11,3,0.65,2,0.7,0.63,611849,225,261984,58,873833,283
450,Substation,Forest,374000,132000,2,3,0.89,1,0.53,0.31,506000,218,138714,49,644714,267
451,Substation,Hilly,448499,168750,2,2,0.82,2,0.75,0.59,617249,193,47865,34,665114,227
452,Substation,Forest,421300,138000,8,4,0.89,2,0.72,0.46,559300,233,102749,36,662049,269
453,Overhead Line,Plain,345000,113000,1,4,0.92,7,0.64,0.68,458000,96,66794,33,524794,129
454,Overhead Line,Plain,203000,60000,18,3,0.87,18,0.35,0.31,263000,133,180782,35,443782,168
455,Substation,Plain,319000,124000,5,2,0.86,0,0.77,0.28,443000,225,79470,29,522470,254
456,Underground Cable,Urban,310800,145600,4,3,0.79,12,0.85,0.69,456400,294,113146,28,569546,322
457,Overhead Line,Hilly,343850,141250,6,1,0.74,10,0.65,0.51,485100,132,132172,64,617272,196
458,Overhead Line,Urban,300300,110500,1,2,0.77,20,0.31,0.6,410800,107,117480,45,528280,152
459,Overhead Line,Plain,164000,69000,7,4,0.91,2,0.79,0.53,233000,177,83696,53,316696,230
460,Substation,Hilly,369150,151250,3,3,0.68,5,0.93,0.61,520400,229,112843,71,633243,300
461,Substation,Plain,351000,128000,18,3,0.76,26,0.67,0.32,479000,210,195027,39,674027,249
462,Substation,Urban,247800,191100,1,4,0.89,10,0.86,0.3,438900,185,90220,52,529120,237
463,Substation,Urban,368550,127400,5,3,0.96,4,0.68,0.53,495950,240,96249,2,592199,242
464,Substation,Urban,271950,153400,7,3,0.73,1,0.79,0.8,425350,228,74016,30,499366,258
465,Underground Cable,Plain,395000,118000,0,2,0.85,3,0.69,0.52,513000,218,112398,26,625398,244
466,Underground Cable,Hilly,487599,185000,3,5,0.96,8,0.48,0.7,672599,308,164410,44,837009,352
467,Substation,Hilly,413999,125000,10,1,0.89,12,0.52,0.63,538999,187,174223,37,713222,224
468,Overhead Line,Plain,292000,94000,13,5,0.65,1,0.58,0.34,386000,181,130288,56,516288,237
469,Substation,Hilly,457699,138750,3,4,0.94,9,0.91,0.54,596449,156,180967,44,777416,200
470,Underground Cable,Plain,387000,172000,12,1,0.82,7,0.58,0.68,559000,227,143895,15,702895,242
471,Underground Cable,Hilly,374900,195000,27,3,0.91,7,0.77,0.47,569900,181,184276,61,754176,242
472,Overhead Line,Forest,234300,112800,15,4,0.9,11,0.88,0.35,347100,110,188656,50,535756,160
473,Underground Cable,Forest,367400,140400,1,3,0.73,18,0.61,0.52,507800,248,165563,43,673363,291
474,Substation,Urban,253050,153400,10,5,0.8,3,0.91,0.55,406450,157,115897,31,522347,188
475,Overhead Line,Forest,370700,126000,3,5,0.86,21,0.83,0.43,496700,124,172819,64,669519,188
476,Substation,Forest,293700,145200,35,3,0.9,1,0.64,0.6,438900,173,242803,80,681703,253
477,Substation,Forest,402600,138000,5,2,0.47,1,0.45,0.61,540600,248,125454,74,666054,322
478,Overhead Line,Plain,313000,62000,1,5,0.85,3,0.75,0.55,375000,162,95699,24,470699,186
479,Substation,Forest,368500,178800,10,3,0.91,1,0.57,0.58,547300,151,143024,34,690324,185
480,Underground Cable,Forest,327800,190800,3,1,0.66,2,0.7,0.78,518600,320,92308,35,610908,355
481,Substation,Urban,406350,109200,46,1,0.69,1,0.64,0.43,515550,160,302233,70,817783,230
482,Overhead Line,Forest,339900,96000,31,3,0.99,17,0.79,0.31,435900,111,253664,40,689564,151
483,Overhead Line,Forest,383900,130800,8,5,0.48,1,0.72,0.39,514700,179,171403,92,686103,271
484,Overhead Line,Hilly,221949,146250,1,4,0.75,13,0.79,0.57,368199,110,182080,33,550279,143
485,Substation,Urban,299250,193700,9,3,0.84,0,0.65,0.33,492950,273,103936,37,596886,310
486,Overhead Line,Urban,337050,79300,0,1,0.74,29,0.64,0.5,416350,210,148133,45,564483,255
487,Overhead Line,Urban,193200,120900,0,2,0.85,12,0.64,0.51,314100,193,111512,24,425612,217
488,Substation,Urban,240450,113100,13,4,0.75,0,0.79,0.41,353550,179,120600,55,474150,234
489,Underground Cable,Urban,456750,175500,1,2,0.68,14,0.85,0.8,632250,248,128066,21,760316,269
490,Substation,Urban,241500,163800,3,2,0.99,7,0.44,0.52,405300,191,53836,26,459136,217
491,Overhead Line,Plain,255000,89000,29,1,0.8,15,0.9,0.8,344000,144,216617,29,560617,173
492,Overhead Line,Forest,322300,85200,3,3,0.58,7,0.46,0.25,407500,121,108476,41,515976,162
493,Substation,Urban,360150,118300,2,5,0.69,10,0.86,0.68,478450,134,111166,54,589616,188
494,Underground Cable,Forest,432300,154800,20,2,0.66,15,0.77,0.61,587100,197,211337,52,798437,249
495,Overhead Line,Forest,265100,132000,0,3,0.82,5,0.74,0.64,397100,221,69200,28,466300,249
496,Overhead Line,Plain,267000,64000,11,3,0.64,0,0.72,0.53,331000,173,119847,40,450847,213
497,Overhead Line,Urban,265650,149500,35,5,0.61,18,0.9,0.57,415150,216,248773,69,663923,285
498,Substation,Hilly,303600,136250,18,1,0.84,4,0.61,0.48,439850,243,179861,40,619711,283
499,Overhead Line,Plain,347000,81000,8,3,0.85,6,0.66,0.55,428000,171,127142,56,555142,227
500,Underground Cable,Hilly,516349,163750,3,2,0.91,0,0.56,0.56,680099,198,132215,55,812314,253
